kmer,Local_Frequency,Global_Frequency,Present_in_Transcripts
AGGCGTGTGTGTCGGCCGGGGCCACTAGGCGCTCACTGTTCTCTCCCTCC,1,2,GAPDH_ENST00000396859-GAPDH_ENST00000466588
GGCGTGTGTGTCGGCCGGGGCCACTAGGCGCTCACTGTTCTCTCCCTCCG,1,2,GAPDH_ENST00000396859-GAPDH_ENST00000466588
GCGTGTGTGTCGGCCGGGGCCACTAGGCGCTCACTGTTCTCTCCCTCCGC,1,2,GAPDH_ENST00000396859-GAPDH_ENST00000466588
CGTGTGTGTCGGCCGGGGCCACTAGGCGCTCACTGTTCTCTCCCTCCGCG,1,2,GAPDH_ENST00000396859-GAPDH_ENST00000466588
GTGTGTGTCGGCCGGGGCCACTAGGCGCTCACTGTTCTCTCCCTCCGCGC,1,2,GAPDH_ENST00000396859-GAPDH_ENST00000466588
TGTGTGTCGGCCGGGGCCACTAGGCGCTCACTGTTCTCTCCCTCCGCGCA,1,2,GAPDH_ENST00000396859-GAPDH_ENST00000466588
GTGTGTCGGCCGGGGCCACTAGGCGCTCACTGTTCTCTCCCTCCGCGCAG,1,2,GAPDH_ENST00000396859-GAPDH_ENST00000466588
TGTGTCGGCCGGGGCCACTAGGCGCTCACTGTTCTCTCCCTCCGCGCAGC,1,2,GAPDH_ENST00000396859-GAPDH_ENST00000466588
GTGTCGGCCGGGGCCACTAGGCGCTCACTGTTCTCTCCCTCCGCGCAGCC,1,2,GAPDH_ENST00000396859-GAPDH_ENST00000466588
TGTCGGCCGGGGCCACTAGGCGCTCACTGTTCTCTCCCTCCGCGCAGCCG,1,2,GAPDH_ENST00000396859-GAPDH_ENST00000466588
GTCGGCCGGGGCCACTAGGCGCTCACTGTTCTCTCCCTCCGCGCAGCCGA,1,2,GAPDH_ENST00000396859-GAPDH_ENST00000466588
TCGGCCGGGGCCACTAGGCGCTCACTGTTCTCTCCCTCCGCGCAGCCGAG,1,2,GAPDH_ENST00000396859-GAPDH_ENST00000466588
CGGCCGGGGCCACTAGGCGCTCACTGTTCTCTCCCTCCGCGCAGCCGAGC,1,2,GAPDH_ENST00000396859-GAPDH_ENST00000466588
GGCCGGGGCCACTAGGCGCTCACTGTTCTCTCCCTCCGCGCAGCCGAGCC,1,2,GAPDH_ENST00000396859-GAPDH_ENST00000466588
GCCGGGGCCACTAGGCGCTCACTGTTCTCTCCCTCCGCGCAGCCGAGCCA,1,2,GAPDH_ENST00000396859-GAPDH_ENST00000466588
CCGGGGCCACTAGGCGCTCACTGTTCTCTCCCTCCGCGCAGCCGAGCCAC,1,2,GAPDH_ENST00000396859-GAPDH_ENST00000466588
CGGGGCCACTAGGCGCTCACTGTTCTCTCCCTCCGCGCAGCCGAGCCACA,1,2,GAPDH_ENST00000396859-GAPDH_ENST00000466588
GGGGCCACTAGGCGCTCACTGTTCTCTCCCTCCGCGCAGCCGAGCCACAT,1,2,GAPDH_ENST00000396859-GAPDH_ENST00000466588
GGGCCACTAGGCGCTCACTGTTCTCTCCCTCCGCGCAGCCGAGCCACATC,1,2,GAPDH_ENST00000396859-GAPDH_ENST00000466588
GGCCACTAGGCGCTCACTGTTCTCTCCCTCCGCGCAGCCGAGCCACATCG,1,2,GAPDH_ENST00000396859-GAPDH_ENST00000466588
GCCACTAGGCGCTCACTGTTCTCTCCCTCCGCGCAGCCGAGCCACATCGC,1,2,GAPDH_ENST00000396859-GAPDH_ENST00000466588
CCACTAGGCGCTCACTGTTCTCTCCCTCCGCGCAGCCGAGCCACATCGCT,1,2,GAPDH_ENST00000396859-GAPDH_ENST00000466588
CACTAGGCGCTCACTGTTCTCTCCCTCCGCGCAGCCGAGCCACATCGCTC,1,2,GAPDH_ENST00000396859-GAPDH_ENST00000466588
ACTAGGCGCTCACTGTTCTCTCCCTCCGCGCAGCCGAGCCACATCGCTCA,1,2,GAPDH_ENST00000396859-GAPDH_ENST00000466588
CTAGGCGCTCACTGTTCTCTCCCTCCGCGCAGCCGAGCCACATCGCTCAG,1,2,GAPDH_ENST00000396859-GAPDH_ENST00000466588
TAGGCGCTCACTGTTCTCTCCCTCCGCGCAGCCGAGCCACATCGCTCAGA,1,2,GAPDH_ENST00000396859-GAPDH_ENST00000466588
AGGCGCTCACTGTTCTCTCCCTCCGCGCAGCCGAGCCACATCGCTCAGAC,1,2,GAPDH_ENST00000396859-GAPDH_ENST00000466588
GGCGCTCACTGTTCTCTCCCTCCGCGCAGCCGAGCCACATCGCTCAGACA,1,2,GAPDH_ENST00000396859-GAPDH_ENST00000466588
GCGCTCACTGTTCTCTCCCTCCGCGCAGCCGAGCCACATCGCTCAGACAC,1,2,GAPDH_ENST00000396859-GAPDH_ENST00000466588
CGCTCACTGTTCTCTCCCTCCGCGCAGCCGAGCCACATCGCTCAGACACC,1,2,GAPDH_ENST00000396859-GAPDH_ENST00000466588
GCTCACTGTTCTCTCCCTCCGCGCAGCCGAGCCACATCGCTCAGACACCA,1,2,GAPDH_ENST00000396859-GAPDH_ENST00000466588
CTCACTGTTCTCTCCCTCCGCGCAGCCGAGCCACATCGCTCAGACACCAT,1,2,GAPDH_ENST00000396859-GAPDH_ENST00000466588
TCACTGTTCTCTCCCTCCGCGCAGCCGAGCCACATCGCTCAGACACCATG,1,2,GAPDH_ENST00000396859-GAPDH_ENST00000466588
CACTGTTCTCTCCCTCCGCGCAGCCGAGCCACATCGCTCAGACACCATGG,1,2,GAPDH_ENST00000396859-GAPDH_ENST00000466588
ACTGTTCTCTCCCTCCGCGCAGCCGAGCCACATCGCTCAGACACCATGGG,1,2,GAPDH_ENST00000396859-GAPDH_ENST00000466588
CTGTTCTCTCCCTCCGCGCAGCCGAGCCACATCGCTCAGACACCATGGGG,1,2,GAPDH_ENST00000396859-GAPDH_ENST00000466588
TGTTCTCTCCCTCCGCGCAGCCGAGCCACATCGCTCAGACACCATGGGGA,1,2,GAPDH_ENST00000396859-GAPDH_ENST00000466588
GTTCTCTCCCTCCGCGCAGCCGAGCCACATCGCTCAGACACCATGGGGAA,1,2,GAPDH_ENST00000396859-GAPDH_ENST00000466588
