K-mer,Count
TGCAGTCGTATGGGGGCAGGGTAGCTGTTCCCCGCAAGGAGAGCTCAAGA,0
GCAGTCGTATGGGGGCAGGGTAGCTGTTCCCCGCAAGGAGAGCTCAAGAT,0
CAGTCGTATGGGGGCAGGGTAGCTGTTCCCCGCAAGGAGAGCTCAAGATT,0
AGTCGTATGGGGGCAGGGTAGCTGTTCCCCGCAAGGAGAGCTCAAGATTT,0
GTCGTATGGGGGCAGGGTAGCTGTTCCCCGCAAGGAGAGCTCAAGATTTG,0
TCGTATGGGGGCAGGGTAGCTGTTCCCCGCAAGGAGAGCTCAAGATTTGG,0
CGTATGGGGGCAGGGTAGCTGTTCCCCGCAAGGAGAGCTCAAGATTTGGT,0
GTATGGGGGCAGGGTAGCTGTTCCCCGCAAGGAGAGCTCAAGATTTGGTC,0
TATGGGGGCAGGGTAGCTGTTCCCCGCAAGGAGAGCTCAAGATTTGGTCG,0
ATGGGGGCAGGGTAGCTGTTCCCCGCAAGGAGAGCTCAAGATTTGGTCGT,0
TGGGGGCAGGGTAGCTGTTCCCCGCAAGGAGAGCTCAAGATTTGGTCGTA,0
GGGGGCAGGGTAGCTGTTCCCCGCAAGGAGAGCTCAAGATTTGGTCGTAT,0
GGGGCAGGGTAGCTGTTCCCCGCAAGGAGAGCTCAAGATTTGGTCGTATT,0
GGGCAGGGTAGCTGTTCCCCGCAAGGAGAGCTCAAGATTTGGTCGTATTG,0
GGCAGGGTAGCTGTTCCCCGCAAGGAGAGCTCAAGATTTGGTCGTATTGG,0
GCAGGGTAGCTGTTCCCCGCAAGGAGAGCTCAAGATTTGGTCGTATTGGG,0
CAGGGTAGCTGTTCCCCGCAAGGAGAGCTCAAGATTTGGTCGTATTGGGC,0
AGGGTAGCTGTTCCCCGCAAGGAGAGCTCAAGATTTGGTCGTATTGGGCG,0
GGGTAGCTGTTCCCCGCAAGGAGAGCTCAAGATTTGGTCGTATTGGGCGC,0
GGTAGCTGTTCCCCGCAAGGAGAGCTCAAGATTTGGTCGTATTGGGCGCC,0
GTAGCTGTTCCCCGCAAGGAGAGCTCAAGATTTGGTCGTATTGGGCGCCT,0
TAGCTGTTCCCCGCAAGGAGAGCTCAAGATTTGGTCGTATTGGGCGCCTG,0
AGCTGTTCCCCGCAAGGAGAGCTCAAGATTTGGTCGTATTGGGCGCCTGG,0
GCTGTTCCCCGCAAGGAGAGCTCAAGATTTGGTCGTATTGGGCGCCTGGT,0
CTGTTCCCCGCAAGGAGAGCTCAAGATTTGGTCGTATTGGGCGCCTGGTC,0
TGTTCCCCGCAAGGAGAGCTCAAGATTTGGTCGTATTGGGCGCCTGGTCA,0
GTTCCCCGCAAGGAGAGCTCAAGATTTGGTCGTATTGGGCGCCTGGTCAC,0
TTCCCCGCAAGGAGAGCTCAAGATTTGGTCGTATTGGGCGCCTGGTCACC,0
TCCCCGCAAGGAGAGCTCAAGATTTGGTCGTATTGGGCGCCTGGTCACCA,0
CCCCGCAAGGAGAGCTCAAGATTTGGTCGTATTGGGCGCCTGGTCACCAG,0
CCCGCAAGGAGAGCTCAAGATTTGGTCGTATTGGGCGCCTGGTCACCAGG,0
CCGCAAGGAGAGCTCAAGATTTGGTCGTATTGGGCGCCTGGTCACCAGGG,0
CGCAAGGAGAGCTCAAGATTTGGTCGTATTGGGCGCCTGGTCACCAGGGC,0
GCAAGGAGAGCTCAAGATTTGGTCGTATTGGGCGCCTGGTCACCAGGGCT,0
CAAGGAGAGCTCAAGATTTGGTCGTATTGGGCGCCTGGTCACCAGGGCTG,0
AAGGAGAGCTCAAGATTTGGTCGTATTGGGCGCCTGGTCACCAGGGCTGC,0
AGGAGAGCTCAAGATTTGGTCGTATTGGGCGCCTGGTCACCAGGGCTGCT,0
GGAGAGCTCAAGATTTGGTCGTATTGGGCGCCTGGTCACCAGGGCTGCTT,0
GAGAGCTCAAGATTTGGTCGTATTGGGCGCCTGGTCACCAGGGCTGCTTT,0
AGAGCTCAAGATTTGGTCGTATTGGGCGCCTGGTCACCAGGGCTGCTTTT,0
GAGCTCAAGATTTGGTCGTATTGGGCGCCTGGTCACCAGGGCTGCTTTTA,0
AGCTCAAGATTTGGTCGTATTGGGCGCCTGGTCACCAGGGCTGCTTTTAA,0
GCTCAAGATTTGGTCGTATTGGGCGCCTGGTCACCAGGGCTGCTTTTAAC,0
CTCAAGATTTGGTCGTATTGGGCGCCTGGTCACCAGGGCTGCTTTTAACT,0
TCAAGATTTGGTCGTATTGGGCGCCTGGTCACCAGGGCTGCTTTTAACTC,0
CAAGATTTGGTCGTATTGGGCGCCTGGTCACCAGGGCTGCTTTTAACTCT,0
AAGATTTGGTCGTATTGGGCGCCTGGTCACCAGGGCTGCTTTTAACTCTG,3
AGATTTGGTCGTATTGGGCGCCTGGTCACCAGGGCTGCTTTTAACTCTGG,7
