kmer,Local_Frequency,Global_Frequency,Present_in_Transcripts,Count,Normalized_K-mer_Count,Mini_Shared_Length
TGCAGTCGTATGGGGGCAGGGTAGCTGTTCCCCGCAAGGAGAGCTCAAGA,1,1,GAPDH_ENST00000492719,0,0.0,48
GCAGTCGTATGGGGGCAGGGTAGCTGTTCCCCGCAAGGAGAGCTCAAGAT,1,1,GAPDH_ENST00000492719,0,0.0,48
CAGTCGTATGGGGGCAGGGTAGCTGTTCCCCGCAAGGAGAGCTCAAGATT,1,1,GAPDH_ENST00000492719,0,0.0,48
AGTCGTATGGGGGCAGGGTAGCTGTTCCCCGCAAGGAGAGCTCAAGATTT,1,1,GAPDH_ENST00000492719,0,0.0,48
GTCGTATGGGGGCAGGGTAGCTGTTCCCCGCAAGGAGAGCTCAAGATTTG,1,1,GAPDH_ENST00000492719,0,0.0,48
TCGTATGGGGGCAGGGTAGCTGTTCCCCGCAAGGAGAGCTCAAGATTTGG,1,1,GAPDH_ENST00000492719,0,0.0,48
CGTATGGGGGCAGGGTAGCTGTTCCCCGCAAGGAGAGCTCAAGATTTGGT,1,1,GAPDH_ENST00000492719,0,0.0,48
GTATGGGGGCAGGGTAGCTGTTCCCCGCAAGGAGAGCTCAAGATTTGGTC,1,1,GAPDH_ENST00000492719,0,0.0,48
TATGGGGGCAGGGTAGCTGTTCCCCGCAAGGAGAGCTCAAGATTTGGTCG,1,1,GAPDH_ENST00000492719,0,0.0,48
ATGGGGGCAGGGTAGCTGTTCCCCGCAAGGAGAGCTCAAGATTTGGTCGT,1,1,GAPDH_ENST00000492719,0,0.0,48
TGGGGGCAGGGTAGCTGTTCCCCGCAAGGAGAGCTCAAGATTTGGTCGTA,1,1,GAPDH_ENST00000492719,0,0.0,48
GGGGGCAGGGTAGCTGTTCCCCGCAAGGAGAGCTCAAGATTTGGTCGTAT,1,1,GAPDH_ENST00000492719,0,0.0,48
GGGGCAGGGTAGCTGTTCCCCGCAAGGAGAGCTCAAGATTTGGTCGTATT,1,1,GAPDH_ENST00000492719,0,0.0,48
GGGCAGGGTAGCTGTTCCCCGCAAGGAGAGCTCAAGATTTGGTCGTATTG,1,1,GAPDH_ENST00000492719,0,0.0,48
GGCAGGGTAGCTGTTCCCCGCAAGGAGAGCTCAAGATTTGGTCGTATTGG,1,1,GAPDH_ENST00000492719,0,0.0,48
GCAGGGTAGCTGTTCCCCGCAAGGAGAGCTCAAGATTTGGTCGTATTGGG,1,1,GAPDH_ENST00000492719,0,0.0,48
CAGGGTAGCTGTTCCCCGCAAGGAGAGCTCAAGATTTGGTCGTATTGGGC,1,1,GAPDH_ENST00000492719,0,0.0,48
AGGGTAGCTGTTCCCCGCAAGGAGAGCTCAAGATTTGGTCGTATTGGGCG,1,1,GAPDH_ENST00000492719,0,0.0,48
GGGTAGCTGTTCCCCGCAAGGAGAGCTCAAGATTTGGTCGTATTGGGCGC,1,1,GAPDH_ENST00000492719,0,0.0,48
GGTAGCTGTTCCCCGCAAGGAGAGCTCAAGATTTGGTCGTATTGGGCGCC,1,1,GAPDH_ENST00000492719,0,0.0,48
GTAGCTGTTCCCCGCAAGGAGAGCTCAAGATTTGGTCGTATTGGGCGCCT,1,1,GAPDH_ENST00000492719,0,0.0,48
TAGCTGTTCCCCGCAAGGAGAGCTCAAGATTTGGTCGTATTGGGCGCCTG,1,1,GAPDH_ENST00000492719,0,0.0,48
AGCTGTTCCCCGCAAGGAGAGCTCAAGATTTGGTCGTATTGGGCGCCTGG,1,1,GAPDH_ENST00000492719,0,0.0,48
GCTGTTCCCCGCAAGGAGAGCTCAAGATTTGGTCGTATTGGGCGCCTGGT,1,1,GAPDH_ENST00000492719,0,0.0,48
CTGTTCCCCGCAAGGAGAGCTCAAGATTTGGTCGTATTGGGCGCCTGGTC,1,1,GAPDH_ENST00000492719,0,0.0,48
TGTTCCCCGCAAGGAGAGCTCAAGATTTGGTCGTATTGGGCGCCTGGTCA,1,1,GAPDH_ENST00000492719,0,0.0,48
GTTCCCCGCAAGGAGAGCTCAAGATTTGGTCGTATTGGGCGCCTGGTCAC,1,1,GAPDH_ENST00000492719,0,0.0,48
TTCCCCGCAAGGAGAGCTCAAGATTTGGTCGTATTGGGCGCCTGGTCACC,1,1,GAPDH_ENST00000492719,0,0.0,48
TCCCCGCAAGGAGAGCTCAAGATTTGGTCGTATTGGGCGCCTGGTCACCA,1,1,GAPDH_ENST00000492719,0,0.0,48
CCCCGCAAGGAGAGCTCAAGATTTGGTCGTATTGGGCGCCTGGTCACCAG,1,1,GAPDH_ENST00000492719,0,0.0,48
CCCGCAAGGAGAGCTCAAGATTTGGTCGTATTGGGCGCCTGGTCACCAGG,1,1,GAPDH_ENST00000492719,0,0.0,48
CCGCAAGGAGAGCTCAAGATTTGGTCGTATTGGGCGCCTGGTCACCAGGG,1,1,GAPDH_ENST00000492719,0,0.0,48
CGCAAGGAGAGCTCAAGATTTGGTCGTATTGGGCGCCTGGTCACCAGGGC,1,1,GAPDH_ENST00000492719,0,0.0,48
GCAAGGAGAGCTCAAGATTTGGTCGTATTGGGCGCCTGGTCACCAGGGCT,1,1,GAPDH_ENST00000492719,0,0.0,48
CAAGGAGAGCTCAAGATTTGGTCGTATTGGGCGCCTGGTCACCAGGGCTG,1,1,GAPDH_ENST00000492719,0,0.0,48
AAGGAGAGCTCAAGATTTGGTCGTATTGGGCGCCTGGTCACCAGGGCTGC,1,1,GAPDH_ENST00000492719,0,0.0,48
AGGAGAGCTCAAGATTTGGTCGTATTGGGCGCCTGGTCACCAGGGCTGCT,1,1,GAPDH_ENST00000492719,0,0.0,48
GGAGAGCTCAAGATTTGGTCGTATTGGGCGCCTGGTCACCAGGGCTGCTT,1,1,GAPDH_ENST00000492719,0,0.0,48
GAGAGCTCAAGATTTGGTCGTATTGGGCGCCTGGTCACCAGGGCTGCTTT,1,1,GAPDH_ENST00000492719,0,0.0,48
AGAGCTCAAGATTTGGTCGTATTGGGCGCCTGGTCACCAGGGCTGCTTTT,1,1,GAPDH_ENST00000492719,0,0.0,48
GAGCTCAAGATTTGGTCGTATTGGGCGCCTGGTCACCAGGGCTGCTTTTA,1,1,GAPDH_ENST00000492719,0,0.0,48
AGCTCAAGATTTGGTCGTATTGGGCGCCTGGTCACCAGGGCTGCTTTTAA,1,1,GAPDH_ENST00000492719,0,0.0,48
GCTCAAGATTTGGTCGTATTGGGCGCCTGGTCACCAGGGCTGCTTTTAAC,1,1,GAPDH_ENST00000492719,0,0.0,48
CTCAAGATTTGGTCGTATTGGGCGCCTGGTCACCAGGGCTGCTTTTAACT,1,1,GAPDH_ENST00000492719,0,0.0,48
TCAAGATTTGGTCGTATTGGGCGCCTGGTCACCAGGGCTGCTTTTAACTC,1,1,GAPDH_ENST00000492719,0,0.0,48
CAAGATTTGGTCGTATTGGGCGCCTGGTCACCAGGGCTGCTTTTAACTCT,1,1,GAPDH_ENST00000492719,0,0.0,48
AAGATTTGGTCGTATTGGGCGCCTGGTCACCAGGGCTGCTTTTAACTCTG,1,1,GAPDH_ENST00000492719,3,0.039784356033840666,48
AGATTTGGTCGTATTGGGCGCCTGGTCACCAGGGCTGCTTTTAACTCTGG,1,1,GAPDH_ENST00000492719,7,0.09283016407896155,48
